Last Name,First Name,Full Name,Team,Pos,Hockey News,Poolers,Forecaster,PlayerIDTimonen,Kimmo,Kimmo Timonen,PHI,D,36,36,26,8459670Corvo,Joe,Joe Corvo,BOS,D,35,37,30,8466215Gonchar,Sergei,Sergei Gonchar,OTT,D,40,41,30,8458951Wideman,Dennis,Dennis Wideman,WAS,D,41,37,31,8469770Kulikov,Dmitry,Dmitry Kulikov,FLA,D,35,35,34,8475179McBain,Jamie,Jamie McBain,CAR,D,40,38,41,8473571Pitkanen,Joni,Joni Pitkanen,CAR,D,39,41,41,8470137Kaberle,Tomas,Tomas Kaberle,CAR,D,43,44,41,8465200Streit,Mark,Mark Streit,NYI,D,56,44,41,8468309Campbell,Brian,Brian Campbell,FLA,D,46,46,41,8466285Wisniewski,James,James Wisniewski,CBJ,D,51,48,41,8470222Goligoski,Alex,Alex Goligoski,DAL,D,56,51,41,8471274Markov,Andrei,Andrei Markov,MON,D,53,54,41,8467496Ehrhoff,Christian,Christian Ehrhoff,BUF,D,49,44,42,8469555Whitney,Ryan,Ryan Whitney,EDM,D,42,51,42,8470309Seabrook,Brent,Brent Seabrook,CHI,D,38,43,43,8470607Suter,Ryan,Ryan Suter,NSH,D,34,43,44,8470600Pronger,Chris,Chris Pronger,PHI,D,35,45,44,8459424Liles,John-Michael,John-Michael Liles,TOR,D,44,40,45,8468639Phaneuf,Dion,Dion Phaneuf,TOR,D,45,47,45,8470602Boyle,Dan,Dan Boyle,SJ,D,56,54,45,8467096Zidlicky,Marek,Marek Zidlicky,MIN,D,39,44,46,8469623Myers,Tyler,Tyler Myers,BUF,D,50,46,46,8474574Carlson,John,John Carlson,WAS,D,40,39,48,8474590Johnson,Jack,Jack Johnson,LA,D,42,46,48,8471677Edler,Alex,Alex Edler,VAN,D,45,48,48,8471303Burns,Brent,Brent Burns,SJ,D,49,51,48,8470613Karlsson,Erik,Erik Karlsson,OTT,D,51,51,48,8474578Giordano,Mark,Mark Giordano,CGY,D,42,40,49,8470966Enstrom,Tobias,Tobias Enstrom,WIN,D,51,54,49,8470828Visnovsky,Lubomir,Lubomir Visnovsky,ANA,D,58,67,49,8468598Shattenkirk,Kevin,Kevin Shattenkirk,STL,D,43,47,50,8474031Lidstrom,Nicklas,Nicklas Lidstrom,DET,D,52,57,50,8457063Subban,PK,PK Subban,MON,D,50,45,52,8474056Johnson,Erik,Erik Johnson,COL,D,41,44,53,8473446Chara,Zdeno,Zdeno Chara,BOS,D,48,45,53,8465009Keith,Duncan,Duncan Keith,CHI,D,51,55,53,8470281Doughty,Drew,Drew Doughty,LA,D,60,51,54,8474563Letang,Kris,Kris Letang,PIT,D,59,60,54,8471724Fowler,Cam,Cam Fowler,ANA,D,41,37,55,8475764Green,Mike,Mike Green,WAS,D,73,59,55,8471242Weber,Shea,Shea Weber,NSH,D,52,52,56,8470642Pietrangelo,Alex,Alex Pietrangelo,STL,D,51,51,58,8474565Kronwall,Nicklas,Nicklas Kronwall,DET,D,47,44,59,8468509Byfuglien,Dustin,Dustin Byfuglien,WIN,D,40,49,59,8470834Yandle,Keith,Keith Yandle,PHO,D,56,55,66,8471735Mueller,Peter,Peter Mueller,COL,F,40,42,21,8473526Kadri,Nazem,Nazem Kadri,TOR,F,43,35,22,8475172Huselius,Kristian,Kristian Huselius,CBJ,F,52,56,24,8466181Landeskog,Gabriel,Gabriel Landeskog,COL,F,44,34,27,8476455Parenteau,Pierre-Alexandre,Pierre-Alexandre Parenteau,NYI,F,36,49,30,8469707Knuble,Mike,Mike Knuble,WAS,F,35,34,32,8458590Versteeg,Kris,Kris Versteeg,FLA,F,45,42,34,8471346Brouwer,Troy,Troy Brouwer,WAS,F,40,40,39,8471426Laich,Brooks,Brooks Laich,WAS,F,53,54,41,8469639Gerbe,Nathan,Nathan Gerbe,BUF,F,41,39,42,8471804Sutter,Brandon,Brandon Sutter,CAR,F,34,42,42,8474091MacArthur,Clarke,Clarke MacArthur,TOR,F,51,64,42,8470667Backlund,Mikael,Mikael Backlund,CGY,F,53,32,43,8474150Cleary,Dan,Dan Cleary,DET,F,44,36,43,8466149Seguin,Tyler,Tyler Seguin,BOS,F,48,41,44,8475794Johansson,Marcus,Marcus Johansson,WAS,F,48,45,44,8475149Fisher,Mike,Mike Fisher,NSH,F,46,47,44,8467370Santorelli,Mike,Mike Santorelli,FLA,F,47,36,46,8471390Pacioretty,Max,Max Pacioretty,MON,F,41,42,46,8474157Malone,Ryan,Ryan Malone,TB,F,49,49,46,8467988Leino,Ville,Ville Leino,BUF,F,60,50,46,8474551Jones,David,David Jones,COL,F,48,51,46,8470877Hejduk,Milan,Milan Hejduk,COL,F,63,51,46,8460577Perron,David,David Perron,STL,F,40,52,46,8474102Kunitz,Chris,Chris Kunitz,PIT,F,53,53,46,8470543Schenn,Brayden,Brayden Schenn,PHI,F,50,35,47,8475170Vrbata,Radim,Radim Vrbata,PHO,F,51,46,47,8468085Penner,Dustin,Dustin Penner,LA,F,49,41,48,8471208Setoguchi,Devin,Devin Setoguchi,MIN,F,50,47,48,8471682Alfredsson,Daniel,Daniel Alfredsson,OTT,F,58,54,48,8460621Kennedy,Tyler,Tyler Kennedy,PIT,F,35,43,49,8471311Anisimov,Artem,Artem Anisimov,NYR,F,53,43,49,8473573Fleischmann,Tomas,Tomas Fleischmann,FLA,F,57,52,49,8470039Boyes,Brad,Brad Boyes,BUF,F,48,53,49,8468504Hartnell,Scott,Scott Hartnell,PHI,F,50,42,50,8468486Ryder,Michael,Michael Ryder,DAL,F,40,44,50,8467545Hornqvist,Patric,Patric Hornqvist,NSH,F,50,54,50,8471887Turris,Kyle,Kyle Turris,PHO,F,52,39,51,8474068Nielsen,Frans,Frans Nielsen,NYI,F,45,44,51,8470144Vermette,Antoine,Antoine Vermette,CBJ,F,53,53,51,8468535Connolly,Tim,Tim Connolly,TOR,F,44,60,51,8467878Weiss,Stephen,Stephen Weiss,FLA,F,56,61,51,8469457Hanzal,Martin,Martin Hanzal,PHO,F,48,31,52,8471691Cole,Erik,Erik Cole,MON,F,50,46,52,8467396Stepan,Derek,Derek Stepan,NYR,F,44,49,52,8474613Bolland,Dave,Dave Bolland,CHI,F,57,49,52,8471245Umberger,RJ,RJ Umberger,CBJ,F,55,53,52,8469469Erat,Martin,Martin Erat,NSH,F,56,55,52,8468064Skinner,Jeff,Jeff Skinner,CAR,F,69,65,52,8475784Paajarvi,Magnus,Magnus Paajarvi,EDM,F,55,39,53,8475175Kostitsyn,Sergei,Sergei Kostitsyn,NSH,F,48,53,53,8471859Ennis,Tyler,Tyler Ennis,BUF,F,58,59,53,8474589Grabovski,Mikhail,Mikhail Grabovski,TOR,F,55,61,53,8471362Booth,David,David Booth,FLA,F,54,49,54,8471266Burrows,Alex,Alex Burrows,VAN,F,60,53,54,8470358Whitney,Ray,Ray Whitney,PHO,F,56,55,54,8458537Antropov,Nik,Nik Antropov,WIN,F,53,48,55,8467353Kane,Evander,Evander Kane,WIN,F,59,51,55,8475169Ruutu,Tuomo,Tuomo Ruutu,CAR,F,52,52,55,8469462Williams,Justin,Justin Williams,LA,F,52,53,55,8468508Bourque,Rene,Rene Bourque,CGY,F,52,55,55,8471504Jokinen,Jussi,Jussi Jokinen,CAR,F,45,56,55,8469638Staal,Jordan,Jordan Staal,PIT,F,75,59,55,8473533Kulemin,Nikolai,Nikolai Kulemin,TOR,F,58,62,55,8473579Frolik,Michael,Michael Frolik,CHI,F,55,45,57,8473564Pominville,Jason,Jason Pominville,BUF,F,63,57,57,8469506Jokinen,Olli,Olli Jokinen,CGY,F,51,58,57,8466140Purcell,Teddy,Teddy Purcell,TB,F,45,61,57,8473962Morrow,Brenden,Brenden Morrow,DAL,F,50,49,58,8466160Voracek,Jakub,Jakub Voracek,PHI,F,57,54,58,8474161Dubinsky,Brandon,Brandon Dubinsky,NYR,F,52,57,58,8471273Callahan,Ryan,Ryan Callahan,NYR,F,57,58,58,8471339Zajac,Travis,Travis Zajac,NJ,F,65,63,58,8471233Gionta,Brian,Brian Gionta,MON,F,48,48,59,8467407Moulson,Matt,Matt Moulson,NYI,F,55,55,59,8470852Oshie,TJ,TJ Oshie,STL,F,56,56,59,8471698Clowe,Ryan,Ryan Clowe,SJ,F,60,61,59,8469622Bouchard,Pierre-Marc,Pierre-Marc Bouchard,MIN,F,51,51,60,8470153Ladd,Andrew,Andrew Ladd,WIN,F,53,57,60,8471217Franzen,Johan,Johan Franzen,DET,F,55,58,60,8471309Brassard,Derek,Derek Brassard,CBJ,F,53,55,61,8473544Lucic,Milan,Milan Lucic,BOS,F,58,56,61,8473473Elias,Patrik,Patrik Elias,NJ,F,60,61,61,8460542Richards,Mike,Mike Richards,LA,F,67,68,61,8470617Semin,Alex,Alex Semin,WAS,F,70,78,61,8470120Grabner,Michael,Michael Grabner,NYI,F,55,52,62,8473546Okposo,Kyle,Kyle Okposo,NYI,F,57,52,62,8473449Stewart,Chris,Chris Stewart,STL,F,60,60,62,8473485Little,Bryan,Bryan Little,WIN,F,57,50,63,8473412Stafford,Drew,Drew Stafford,BUF,F,48,51,63,8471226Brown,Dustin,Dustin Brown,LA,F,55,56,63,8470606van Riemsdyk,James,James van Riemsdyk,PHI,F,62,52,64,8474037Jagr,Jaromir,Jaromir Jagr,PHI,F,66,56,64,8448208Plekanec,Tomas,Tomas Plekanec,MON,F,68,67,64,8469521Doan,Shane,Shane Doan,PHO,F,55,52,65,8462038Neal,James,James Neal,PIT,F,47,57,65,8471707Bergeron,Patrice,Patrice Bergeron,BOS,F,53,57,65,8470638Backes,David,David Backes,STL,F,61,63,65,8470655Eriksson,Loui,Loui Eriksson,DAL,F,62,71,65,8470626Horton,Nathan,Nathan Horton,BOS,F,50,59,66,8470596Tanguay,Alex,Alex Tanguay,CGY,F,65,70,66,8467338Eberle,Jordan,Jordan Eberle,EDM,F,60,55,68,8474586Cammalleri,Michael,Michael Cammalleri,MON,F,57,62,68,8469500Couture,Logan,Logan Couture,SJ,F,57,63,68,8474053Havlat,Martin,Martin Havlat,SJ,F,71,63,68,8467899Hall,Taylor,Taylor Hall,EDM,F,69,59,69,8475791Briere,Danny,Danny Briere,PHI,F,63,66,69,8464975Ribeiro,Mike,Mike Ribeiro,DAL,F,62,69,69,8467371Berglund,Patrik,Patrik Berglund,STL,F,41,57,70,8473534Pavelski,Joe,Joe Pavelski,SJ,F,63,69,70,8470794Lecavalier,Vincent,Vincent Lecavalier,TB,F,68,73,70,8467329Marleau,Patrick,Patrick Marleau,SJ,F,75,76,70,8466139Kessel,Phil,Phil Kessel,TOR,F,67,70,71,8473548Roy,Derek,Derek Roy,BUF,F,70,71,71,8469485Benn,Jamie,Jamie Benn,DAL,F,46,64,72,8473994Vanek,Thomas,Thomas Vanek,BUF,F,69,66,72,8470598Carter,Jeff,Jeff Carter,CBJ,F,74,68,72,8470604Parise,Zach,Zach Parise,NJ,F,81,81,72,8470610Hemsky,Ales,Ales Hemsky,EDM,F,64,64,73,8469466Krejci,David,David Krejci,BOS,F,60,65,73,8471276Spezza,Jason,Jason Spezza,OTT,F,68,71,74,8469455Kesler,Ryan,Ryan Kesler,VAN,F,71,72,74,8470616Sharp,Patrick,Patrick Sharp,CHI,F,75,66,75,8469544Gaborik,Marian,Marian Gaborik,NYR,F,82,72,75,8468483Stastny,Paul,Paul Stastny,COL,F,76,74,75,8471669Kovalchuk,Ilya,Ilya Kovalchuk,NJ,F,84,85,75,8469454Heatley,Dany,Dany Heatley,MIN,F,67,76,76,8468482Nash,Rick,Rick Nash,CBJ,F,77,73,79,8470041Duchene,Matt,Matt Duchene,COL,F,86,78,79,8475168Hossa,Marian,Marian Hossa,CHI,F,64,72,80,8466148Koivu,Mikko,Mikko Koivu,MIN,F,66,72,80,8469459Iginla,Jarome,Jarome Iginla,CGY,F,80,82,80,8462042Zetterberg,Henrik,Henrik Zetterberg,DET,F,72,77,82,8468083Richards,Brad,Brad Richards,NYR,F,84,82,82,8467389Kopitar,Anze,Anze Kopitar,LA,F,85,84,82,8471685Tavares,John,John Tavares,NYI,F,82,75,83,8475166Datsyuk,Pavel,Pavel Datsyuk,DET,F,70,84,83,8467514Staal,Eric,Eric Staal,CAR,F,75,74,85,8470595Giroux,Claude,Claude Giroux,PHI,F,77,77,86,8473512Toews,Jonathan,Jonathan Toews,CHI,F,77,84,87,8473604Ryan,Bobby,Bobby Ryan,ANA,F,77,80,88,8471676Thornton,Joe,Joe Thornton,SJ,F,85,83,88,8466138St Louis,Martin,Martin St Louis,TB,F,95,92,88,8466378Malkin,Evgeni,Evgeni Malkin,PIT,F,87,90,90,8471215Backstrom,Nicklas,Nicklas Backstrom,WAS,F,91,93,90,8473563Kane,Patrick,Patrick Kane,CHI,F,83,82,91,8474141Getzlaf,Ryan,Ryan Getzlaf,ANA,F,87,89,92,8470612Perry,Corey,Corey Perry,ANA,F,90,92,95,8470621Sedin,Daniel,Daniel Sedin,VAN,F,90,99,98,8467875Stamkos,Steven,Steven Stamkos,TB,F,93,97,101,8474564Sedin,Henrik,Henrik Sedin,VAN,F,92,98,101,8467876Ovechkin,Alex,Alex Ovechkin,WAS,F,98,112,102,8471214Crosby,Sidney,Sidney Crosby,PIT,F,117,105,104,8471675